indicator,country,year,value
GDP growth (annual %),Mauritania,1995,9.82
GDP growth (annual %),Mauritania,1996,5.82
GDP growth (annual %),Mauritania,1997,-4.04
GDP growth (annual %),Mauritania,1998,2.78
GDP growth (annual %),Mauritania,1999,7.71
GDP growth (annual %),Mauritania,2000,-0.43
GDP growth (annual %),Mauritania,2001,2.01
GDP growth (annual %),Mauritania,2002,0.67
GDP growth (annual %),Mauritania,2003,5.98
GDP growth (annual %),Mauritania,2004,5.75
GDP growth (annual %),Mauritania,2005,8.97
GDP growth (annual %),Mauritania,2006,18.87
GDP growth (annual %),Mauritania,2007,2.82
GDP growth (annual %),Mauritania,2008,1.08
GDP growth (annual %),Mauritania,2009,-1.04
GDP growth (annual %),Mauritania,2010,4.77
GDP growth (annual %),Mauritania,2011,4.39
GDP growth (annual %),Mauritania,2012,5.97
GDP growth (annual %),Mauritania,2013,5.68
GDP growth (annual %),Mauritania,2014,6.42
GDP growth (annual %),Ghana,1995,4.11
GDP growth (annual %),Ghana,1996,4.6
GDP growth (annual %),Ghana,1997,4.2
GDP growth (annual %),Ghana,1998,4.7
GDP growth (annual %),Ghana,1999,4.4
GDP growth (annual %),Ghana,2000,3.7
GDP growth (annual %),Ghana,2001,4
GDP growth (annual %),Ghana,2002,4.5
GDP growth (annual %),Ghana,2003,5.2
GDP growth (annual %),Ghana,2004,5.6
GDP growth (annual %),Ghana,2005,5.9
GDP growth (annual %),Ghana,2006,6.4
GDP growth (annual %),Ghana,2007,4.35
GDP growth (annual %),Ghana,2008,9.15
GDP growth (annual %),Ghana,2009,4.85
GDP growth (annual %),Ghana,2010,7.9
GDP growth (annual %),Ghana,2011,14.05
GDP growth (annual %),Ghana,2012,9.29
GDP growth (annual %),Ghana,2013,7.31
GDP growth (annual %),Ghana,2014,3.99
GDP growth (annual %),Cote d'Ivoire,1995,7.13
GDP growth (annual %),Cote d'Ivoire,1996,7.73
GDP growth (annual %),Cote d'Ivoire,1997,3.74
GDP growth (annual %),Cote d'Ivoire,1998,4.93
GDP growth (annual %),Cote d'Ivoire,1999,1.62
GDP growth (annual %),Cote d'Ivoire,2000,-2.07
GDP growth (annual %),Cote d'Ivoire,2001,0.12
GDP growth (annual %),Cote d'Ivoire,2002,-1.67
GDP growth (annual %),Cote d'Ivoire,2003,-1.36
GDP growth (annual %),Cote d'Ivoire,2004,1.23
GDP growth (annual %),Cote d'Ivoire,2005,1.72
GDP growth (annual %),Cote d'Ivoire,2006,1.52
GDP growth (annual %),Cote d'Ivoire,2007,1.77
GDP growth (annual %),Cote d'Ivoire,2008,2.54
GDP growth (annual %),Cote d'Ivoire,2009,3.25
GDP growth (annual %),Cote d'Ivoire,2010,2.02
GDP growth (annual %),Cote d'Ivoire,2011,-4.39
GDP growth (annual %),Cote d'Ivoire,2012,10.71
GDP growth (annual %),Cote d'Ivoire,2013,9.22
GDP growth (annual %),Cote d'Ivoire,2014,8.55
GDP growth (annual %),Cameroon,1995,4.13
GDP growth (annual %),Cameroon,1996,4.91
GDP growth (annual %),Cameroon,1997,5.31
GDP growth (annual %),Cameroon,1998,4.9
GDP growth (annual %),Cameroon,1999,4.06
GDP growth (annual %),Cameroon,2000,4.17
GDP growth (annual %),Cameroon,2001,4.51
GDP growth (annual %),Cameroon,2002,4.01
GDP growth (annual %),Cameroon,2003,4.03
GDP growth (annual %),Cameroon,2004,3.7
GDP growth (annual %),Cameroon,2005,2.3
GDP growth (annual %),Cameroon,2006,3.22
GDP growth (annual %),Cameroon,2007,3.26
GDP growth (annual %),Cameroon,2008,2.88
GDP growth (annual %),Cameroon,2009,1.93
GDP growth (annual %),Cameroon,2010,3.27
GDP growth (annual %),Cameroon,2011,4.14
GDP growth (annual %),Cameroon,2012,4.59
GDP growth (annual %),Cameroon,2013,5.56
GDP growth (annual %),Cameroon,2014,5.93
GDP growth (annual %),Burkina Faso,1995,5.72
GDP growth (annual %),Burkina Faso,1996,11.01
GDP growth (annual %),Burkina Faso,1997,6.32
GDP growth (annual %),Burkina Faso,1998,7.31
GDP growth (annual %),Burkina Faso,1999,7.4
GDP growth (annual %),Burkina Faso,2000,1.82
GDP growth (annual %),Burkina Faso,2001,6.61
GDP growth (annual %),Burkina Faso,2002,4.35
GDP growth (annual %),Burkina Faso,2003,7.8
GDP growth (annual %),Burkina Faso,2004,4.48
GDP growth (annual %),Burkina Faso,2005,8.66
GDP growth (annual %),Burkina Faso,2006,6.25
GDP growth (annual %),Burkina Faso,2007,5.66
GDP growth (annual %),Burkina Faso,2008,7.29
GDP growth (annual %),Burkina Faso,2009,2.96
GDP growth (annual %),Burkina Faso,2010,8.45
GDP growth (annual %),Burkina Faso,2011,6.52
GDP growth (annual %),Burkina Faso,2012,6.45
GDP growth (annual %),Burkina Faso,2013,3.65
GDP growth (annual %),Burkina Faso,2014,4
GDP growth (annual %),Sierra Leone,1995,-8
GDP growth (annual %),Sierra Leone,1996,1.75
GDP growth (annual %),Sierra Leone,1997,-5.88
GDP growth (annual %),Sierra Leone,1998,1.79
GDP growth (annual %),Sierra Leone,1999,-1.98
GDP growth (annual %),Sierra Leone,2000,6.65
GDP growth (annual %),Sierra Leone,2001,-7.14
GDP growth (annual %),Sierra Leone,2002,26.27
GDP growth (annual %),Sierra Leone,2003,9.38
GDP growth (annual %),Sierra Leone,2004,6.42
GDP growth (annual %),Sierra Leone,2005,4.33
GDP growth (annual %),Sierra Leone,2006,5.53
GDP growth (annual %),Sierra Leone,2007,8.06
GDP growth (annual %),Sierra Leone,2008,5.4
GDP growth (annual %),Sierra Leone,2009,3.19
GDP growth (annual %),Sierra Leone,2010,5.35
GDP growth (annual %),Sierra Leone,2011,4.54
GDP growth (annual %),Sierra Leone,2012,15.31
GDP growth (annual %),Sierra Leone,2013,20.91
GDP growth (annual %),Sierra Leone,2014,4.61
GDP growth (annual %),Niger,1995,2.61
GDP growth (annual %),Niger,1996,3.42
GDP growth (annual %),Niger,1997,2.75
GDP growth (annual %),Niger,1998,10.42
GDP growth (annual %),Niger,1999,-0.57
GDP growth (annual %),Niger,2000,-1.41
GDP growth (annual %),Niger,2001,7.1
GDP growth (annual %),Niger,2002,3
GDP growth (annual %),Niger,2003,5.3
GDP growth (annual %),Niger,2004,0.1
GDP growth (annual %),Niger,2005,4.5
GDP growth (annual %),Niger,2006,5.8
GDP growth (annual %),Niger,2007,3.15
GDP growth (annual %),Niger,2008,9.59
GDP growth (annual %),Niger,2009,-0.71
GDP growth (annual %),Niger,2010,8.37
GDP growth (annual %),Niger,2011,2.31
GDP growth (annual %),Niger,2012,11.81
GDP growth (annual %),Niger,2013,4.58
GDP growth (annual %),Niger,2014,6.9
GDP growth (annual %),Guinea,1995,4.61
GDP growth (annual %),Guinea,1996,4.46
GDP growth (annual %),Guinea,1997,5.18
GDP growth (annual %),Guinea,1998,3.64
GDP growth (annual %),Guinea,1999,3.81
GDP growth (annual %),Guinea,2000,2.5
GDP growth (annual %),Guinea,2001,3.66
GDP growth (annual %),Guinea,2002,5.16
GDP growth (annual %),Guinea,2003,1.25
GDP growth (annual %),Guinea,2004,2.34
GDP growth (annual %),Guinea,2005,3
GDP growth (annual %),Guinea,2006,2.5
GDP growth (annual %),Guinea,2007,1.76
GDP growth (annual %),Guinea,2008,4.94
GDP growth (annual %),Guinea,2009,-0.28
GDP growth (annual %),Guinea,2010,1.94
GDP growth (annual %),Guinea,2011,3.91
GDP growth (annual %),Guinea,2012,3.94
GDP growth (annual %),Guinea,2013,2.3
GDP growth (annual %),Guinea,2014,0.4
GDP growth (annual %),Benin,1995,6.05
GDP growth (annual %),Benin,1996,4.32
GDP growth (annual %),Benin,1997,5.73
GDP growth (annual %),Benin,1998,3.96
GDP growth (annual %),Benin,1999,5.34
GDP growth (annual %),Benin,2000,5.86
GDP growth (annual %),Benin,2001,5.33
GDP growth (annual %),Benin,2002,4.64
GDP growth (annual %),Benin,2003,3.44
GDP growth (annual %),Benin,2004,4.43
GDP growth (annual %),Benin,2005,1.71
GDP growth (annual %),Benin,2006,3.95
GDP growth (annual %),Benin,2007,5.99
GDP growth (annual %),Benin,2008,4.89
GDP growth (annual %),Benin,2009,2.32
GDP growth (annual %),Benin,2010,2.12
GDP growth (annual %),Benin,2011,2.96
GDP growth (annual %),Benin,2012,4.64
GDP growth (annual %),Benin,2013,6.88
GDP growth (annual %),Benin,2014,6.54
GDP growth (annual %),Cabo Verde,1995,14.21
GDP growth (annual %),Cabo Verde,1996,11.35
GDP growth (annual %),Cabo Verde,1997,11.12
GDP growth (annual %),Cabo Verde,1998,12.52
GDP growth (annual %),Cabo Verde,1999,11.22
GDP growth (annual %),Cabo Verde,2000,14.28
GDP growth (annual %),Cabo Verde,2001,2.23
GDP growth (annual %),Cabo Verde,2002,5.25
GDP growth (annual %),Cabo Verde,2003,4.18
GDP growth (annual %),Cabo Verde,2004,10.2
GDP growth (annual %),Cabo Verde,2005,6.91
GDP growth (annual %),Cabo Verde,2006,7.98
GDP growth (annual %),Cabo Verde,2007,15.17
GDP growth (annual %),Cabo Verde,2008,6.65
GDP growth (annual %),Cabo Verde,2009,-1.27
GDP growth (annual %),Cabo Verde,2010,1.47
GDP growth (annual %),Cabo Verde,2011,3.97
GDP growth (annual %),Cabo Verde,2012,1.08
GDP growth (annual %),Cabo Verde,2013,1.05
GDP growth (annual %),Cabo Verde,2014,2.8
GDP growth (annual %),"Gambia, The",1995,0.88
GDP growth (annual %),"Gambia, The",1996,2.22
GDP growth (annual %),"Gambia, The",1997,4.9
GDP growth (annual %),"Gambia, The",1998,3.5
GDP growth (annual %),"Gambia, The",1999,6.4
GDP growth (annual %),"Gambia, The",2000,5.5
GDP growth (annual %),"Gambia, The",2001,5.8
GDP growth (annual %),"Gambia, The",2002,-3.25
GDP growth (annual %),"Gambia, The",2003,6.87
GDP growth (annual %),"Gambia, The",2004,7.05
GDP growth (annual %),"Gambia, The",2005,-0.94
GDP growth (annual %),"Gambia, The",2006,1.12
GDP growth (annual %),"Gambia, The",2007,3.63
GDP growth (annual %),"Gambia, The",2008,5.73
GDP growth (annual %),"Gambia, The",2009,6.45
GDP growth (annual %),"Gambia, The",2010,6.52
GDP growth (annual %),"Gambia, The",2011,-4.33
GDP growth (annual %),"Gambia, The",2012,5.86
GDP growth (annual %),"Gambia, The",2013,4.78
GDP growth (annual %),"Gambia, The",2014,0.88
GDP growth (annual %),Guinea-Bissau,1995,4.4
GDP growth (annual %),Guinea-Bissau,1996,11.6
GDP growth (annual %),Guinea-Bissau,1997,6.5
GDP growth (annual %),Guinea-Bissau,1998,-28.1
GDP growth (annual %),Guinea-Bissau,1999,1.03
GDP growth (annual %),Guinea-Bissau,2000,5.43
GDP growth (annual %),Guinea-Bissau,2001,2.19
GDP growth (annual %),Guinea-Bissau,2002,-0.99
GDP growth (annual %),Guinea-Bissau,2003,0.57
GDP growth (annual %),Guinea-Bissau,2004,2.76
GDP growth (annual %),Guinea-Bissau,2005,4.27
GDP growth (annual %),Guinea-Bissau,2006,2.31
GDP growth (annual %),Guinea-Bissau,2007,3.2
GDP growth (annual %),Guinea-Bissau,2008,3.2
GDP growth (annual %),Guinea-Bissau,2009,3.31
GDP growth (annual %),Guinea-Bissau,2010,4.43
GDP growth (annual %),Guinea-Bissau,2011,9.03
GDP growth (annual %),Guinea-Bissau,2012,-2.23
GDP growth (annual %),Guinea-Bissau,2013,0.33
GDP growth (annual %),Guinea-Bissau,2014,2.54
GDP growth (annual %),Liberia,1995,-4.27
GDP growth (annual %),Liberia,1996,12.12
GDP growth (annual %),Liberia,1997,106.28
GDP growth (annual %),Liberia,1998,30.21
GDP growth (annual %),Liberia,1999,21.74
GDP growth (annual %),Liberia,2000,28.62
GDP growth (annual %),Liberia,2001,2.92
GDP growth (annual %),Liberia,2002,3.76
GDP growth (annual %),Liberia,2003,-30.15
GDP growth (annual %),Liberia,2004,2.62
GDP growth (annual %),Liberia,2005,5.28
GDP growth (annual %),Liberia,2006,8.04
GDP growth (annual %),Liberia,2007,9.53
GDP growth (annual %),Liberia,2008,7.15
GDP growth (annual %),Liberia,2009,5.3
GDP growth (annual %),Liberia,2010,6.1
GDP growth (annual %),Liberia,2011,8.2
GDP growth (annual %),Liberia,2012,7.99
GDP growth (annual %),Liberia,2013,8.7
GDP growth (annual %),Liberia,2014,0.7
GDP growth (annual %),Mali,1995,0.92
GDP growth (annual %),Mali,1996,7.06
GDP growth (annual %),Mali,1997,4.83
GDP growth (annual %),Mali,1998,7.57
GDP growth (annual %),Mali,1999,5.7
GDP growth (annual %),Mali,2000,-3.28
GDP growth (annual %),Mali,2001,11.85
GDP growth (annual %),Mali,2002,4.32
GDP growth (annual %),Mali,2003,7.62
GDP growth (annual %),Mali,2004,2.25
GDP growth (annual %),Mali,2005,6.13
GDP growth (annual %),Mali,2006,5.25
GDP growth (annual %),Mali,2007,4.3
GDP growth (annual %),Mali,2008,4.98
GDP growth (annual %),Mali,2009,4.46
GDP growth (annual %),Mali,2010,5.81
GDP growth (annual %),Mali,2011,2.72
GDP growth (annual %),Mali,2012,0.03
GDP growth (annual %),Mali,2013,1.71
GDP growth (annual %),Mali,2014,7.19
GDP growth (annual %),Nigeria,1995,-0.31
GDP growth (annual %),Nigeria,1996,4.99
GDP growth (annual %),Nigeria,1997,2.8
GDP growth (annual %),Nigeria,1998,2.72
GDP growth (annual %),Nigeria,1999,0.47
GDP growth (annual %),Nigeria,2000,5.32
GDP growth (annual %),Nigeria,2001,4.41
GDP growth (annual %),Nigeria,2002,3.78
GDP growth (annual %),Nigeria,2003,10.35
GDP growth (annual %),Nigeria,2004,33.74
GDP growth (annual %),Nigeria,2005,3.44
GDP growth (annual %),Nigeria,2006,8.21
GDP growth (annual %),Nigeria,2007,6.83
GDP growth (annual %),Nigeria,2008,6.27
GDP growth (annual %),Nigeria,2009,6.93
GDP growth (annual %),Nigeria,2010,7.84
GDP growth (annual %),Nigeria,2011,4.89
GDP growth (annual %),Nigeria,2012,4.28
GDP growth (annual %),Nigeria,2013,5.39
GDP growth (annual %),Nigeria,2014,6.31
GDP growth (annual %),Senegal,1995,5.36
GDP growth (annual %),Senegal,1996,2.01
GDP growth (annual %),Senegal,1997,3.12
GDP growth (annual %),Senegal,1998,5.9
GDP growth (annual %),Senegal,1999,6.36
GDP growth (annual %),Senegal,2000,3.19
GDP growth (annual %),Senegal,2001,4.58
GDP growth (annual %),Senegal,2002,0.65
GDP growth (annual %),Senegal,2003,6.68
GDP growth (annual %),Senegal,2004,5.87
GDP growth (annual %),Senegal,2005,5.62
GDP growth (annual %),Senegal,2006,2.46
GDP growth (annual %),Senegal,2007,4.94
GDP growth (annual %),Senegal,2008,3.68
GDP growth (annual %),Senegal,2009,2.42
GDP growth (annual %),Senegal,2010,4.18
GDP growth (annual %),Senegal,2011,1.76
GDP growth (annual %),Senegal,2012,4.36
GDP growth (annual %),Senegal,2013,3.62
GDP growth (annual %),Senegal,2014,4.72
GDP growth (annual %),Togo,1995,7.85
GDP growth (annual %),Togo,1996,8.84
GDP growth (annual %),Togo,1997,14.38
GDP growth (annual %),Togo,1998,-2.3
GDP growth (annual %),Togo,1999,2.48
GDP growth (annual %),Togo,2000,-0.78
GDP growth (annual %),Togo,2001,-1.63
GDP growth (annual %),Togo,2002,-0.92
GDP growth (annual %),Togo,2003,4.95
GDP growth (annual %),Togo,2004,2.12
GDP growth (annual %),Togo,2005,1.18
GDP growth (annual %),Togo,2006,4.05
GDP growth (annual %),Togo,2007,2.29
GDP growth (annual %),Togo,2008,2.23
GDP growth (annual %),Togo,2009,3.51
GDP growth (annual %),Togo,2010,4
GDP growth (annual %),Togo,2011,4.88
GDP growth (annual %),Togo,2012,5.91
GDP growth (annual %),Togo,2013,5.12
GDP growth (annual %),Togo,2014,5.71
External resources for health (% of total expenditure on health),Mauritania,1995,10.38
External resources for health (% of total expenditure on health),Mauritania,1996,4.85
External resources for health (% of total expenditure on health),Mauritania,1997,5.6
External resources for health (% of total expenditure on health),Mauritania,1998,6.06
External resources for health (% of total expenditure on health),Mauritania,1999,9.65
External resources for health (% of total expenditure on health),Mauritania,2000,10.57
External resources for health (% of total expenditure on health),Mauritania,2001,17.17
External resources for health (% of total expenditure on health),Mauritania,2002,11.9
External resources for health (% of total expenditure on health),Mauritania,2003,20.84
External resources for health (% of total expenditure on health),Mauritania,2004,15.88
External resources for health (% of total expenditure on health),Mauritania,2005,16.6
External resources for health (% of total expenditure on health),Mauritania,2006,7.49
External resources for health (% of total expenditure on health),Mauritania,2007,9.06
External resources for health (% of total expenditure on health),Mauritania,2008,17.05
External resources for health (% of total expenditure on health),Mauritania,2009,12.89
External resources for health (% of total expenditure on health),Mauritania,2010,10.65
External resources for health (% of total expenditure on health),Mauritania,2011,6.85
External resources for health (% of total expenditure on health),Mauritania,2012,6.65
External resources for health (% of total expenditure on health),Mauritania,2013,10.93
External resources for health (% of total expenditure on health),Mauritania,2014,11.89
External resources for health (% of total expenditure on health),Ghana,1995,7.84
External resources for health (% of total expenditure on health),Ghana,1996,6.38
External resources for health (% of total expenditure on health),Ghana,1997,7.14
External resources for health (% of total expenditure on health),Ghana,1998,6.9
External resources for health (% of total expenditure on health),Ghana,1999,7.39
External resources for health (% of total expenditure on health),Ghana,2000,14.84
External resources for health (% of total expenditure on health),Ghana,2001,17.91
External resources for health (% of total expenditure on health),Ghana,2002,21.38
External resources for health (% of total expenditure on health),Ghana,2003,16.2
External resources for health (% of total expenditure on health),Ghana,2004,20.91
External resources for health (% of total expenditure on health),Ghana,2005,22.96
External resources for health (% of total expenditure on health),Ghana,2006,20.52
External resources for health (% of total expenditure on health),Ghana,2007,14.6
External resources for health (% of total expenditure on health),Ghana,2008,12.74
External resources for health (% of total expenditure on health),Ghana,2009,13.12
External resources for health (% of total expenditure on health),Ghana,2010,17.72
External resources for health (% of total expenditure on health),Ghana,2011,15.13
External resources for health (% of total expenditure on health),Ghana,2012,12.11
External resources for health (% of total expenditure on health),Ghana,2013,8.6
External resources for health (% of total expenditure on health),Ghana,2014,15.38
External resources for health (% of total expenditure on health),Cote d'Ivoire,1995,2.4
External resources for health (% of total expenditure on health),Cote d'Ivoire,1996,3.41
External resources for health (% of total expenditure on health),Cote d'Ivoire,1997,3.23
External resources for health (% of total expenditure on health),Cote d'Ivoire,1998,2.89
External resources for health (% of total expenditure on health),Cote d'Ivoire,1999,3.07
External resources for health (% of total expenditure on health),Cote d'Ivoire,2000,4.4
External resources for health (% of total expenditure on health),Cote d'Ivoire,2001,3.39
External resources for health (% of total expenditure on health),Cote d'Ivoire,2002,5.76
External resources for health (% of total expenditure on health),Cote d'Ivoire,2003,7.6
External resources for health (% of total expenditure on health),Cote d'Ivoire,2004,3.92
External resources for health (% of total expenditure on health),Cote d'Ivoire,2005,4.08
External resources for health (% of total expenditure on health),Cote d'Ivoire,2006,3.65
External resources for health (% of total expenditure on health),Cote d'Ivoire,2007,8.49
External resources for health (% of total expenditure on health),Cote d'Ivoire,2008,11.77
External resources for health (% of total expenditure on health),Cote d'Ivoire,2009,9.93
External resources for health (% of total expenditure on health),Cote d'Ivoire,2010,10.2
External resources for health (% of total expenditure on health),Cote d'Ivoire,2011,11.14
External resources for health (% of total expenditure on health),Cote d'Ivoire,2012,10.04
External resources for health (% of total expenditure on health),Cote d'Ivoire,2013,8.82
External resources for health (% of total expenditure on health),Cote d'Ivoire,2014,9.37
External resources for health (% of total expenditure on health),Cameroon,1995,4.56
External resources for health (% of total expenditure on health),Cameroon,1996,2.7
External resources for health (% of total expenditure on health),Cameroon,1997,2.92
External resources for health (% of total expenditure on health),Cameroon,1998,3.19
External resources for health (% of total expenditure on health),Cameroon,1999,2.26
External resources for health (% of total expenditure on health),Cameroon,2000,4.19
External resources for health (% of total expenditure on health),Cameroon,2001,4.94
External resources for health (% of total expenditure on health),Cameroon,2002,5.91
External resources for health (% of total expenditure on health),Cameroon,2003,2.96
External resources for health (% of total expenditure on health),Cameroon,2004,4.21
External resources for health (% of total expenditure on health),Cameroon,2005,5.28
External resources for health (% of total expenditure on health),Cameroon,2006,5.23
External resources for health (% of total expenditure on health),Cameroon,2007,5.84
External resources for health (% of total expenditure on health),Cameroon,2008,5.59
External resources for health (% of total expenditure on health),Cameroon,2009,5.07
External resources for health (% of total expenditure on health),Cameroon,2010,6.79
External resources for health (% of total expenditure on health),Cameroon,2011,
External resources for health (% of total expenditure on health),Cameroon,2012,10.57
External resources for health (% of total expenditure on health),Cameroon,2013,7.64
External resources for health (% of total expenditure on health),Cameroon,2014,11.09
External resources for health (% of total expenditure on health),Burkina Faso,1995,16.26
External resources for health (% of total expenditure on health),Burkina Faso,1996,16.48
External resources for health (% of total expenditure on health),Burkina Faso,1997,13.65
External resources for health (% of total expenditure on health),Burkina Faso,1998,10.86
External resources for health (% of total expenditure on health),Burkina Faso,1999,10.58
External resources for health (% of total expenditure on health),Burkina Faso,2000,14.01
External resources for health (% of total expenditure on health),Burkina Faso,2001,13.1
External resources for health (% of total expenditure on health),Burkina Faso,2002,14.17
External resources for health (% of total expenditure on health),Burkina Faso,2003,20.42
External resources for health (% of total expenditure on health),Burkina Faso,2004,26.68
External resources for health (% of total expenditure on health),Burkina Faso,2005,35.71
External resources for health (% of total expenditure on health),Burkina Faso,2006,30.26
External resources for health (% of total expenditure on health),Burkina Faso,2007,29.76
External resources for health (% of total expenditure on health),Burkina Faso,2008,29.26
External resources for health (% of total expenditure on health),Burkina Faso,2009,26.05
External resources for health (% of total expenditure on health),Burkina Faso,2010,36.1
External resources for health (% of total expenditure on health),Burkina Faso,2011,34.16
External resources for health (% of total expenditure on health),Burkina Faso,2012,33.73
External resources for health (% of total expenditure on health),Burkina Faso,2013,28.04
External resources for health (% of total expenditure on health),Burkina Faso,2014,25.34
External resources for health (% of total expenditure on health),Sierra Leone,1995,1.44
External resources for health (% of total expenditure on health),Sierra Leone,1996,1.06
External resources for health (% of total expenditure on health),Sierra Leone,1997,7.32
External resources for health (% of total expenditure on health),Sierra Leone,1998,6.53
External resources for health (% of total expenditure on health),Sierra Leone,1999,6.13
External resources for health (% of total expenditure on health),Sierra Leone,2000,7.09
External resources for health (% of total expenditure on health),Sierra Leone,2001,5.07
External resources for health (% of total expenditure on health),Sierra Leone,2002,8.35
External resources for health (% of total expenditure on health),Sierra Leone,2003,5.72
External resources for health (% of total expenditure on health),Sierra Leone,2004,10.31
External resources for health (% of total expenditure on health),Sierra Leone,2005,12.54
External resources for health (% of total expenditure on health),Sierra Leone,2006,19.15
External resources for health (% of total expenditure on health),Sierra Leone,2007,14.61
External resources for health (% of total expenditure on health),Sierra Leone,2008,14.1
External resources for health (% of total expenditure on health),Sierra Leone,2009,29.32
External resources for health (% of total expenditure on health),Sierra Leone,2010,40.04
External resources for health (% of total expenditure on health),Sierra Leone,2011,49.34
External resources for health (% of total expenditure on health),Sierra Leone,2012,34.39
External resources for health (% of total expenditure on health),Sierra Leone,2013,32.08
External resources for health (% of total expenditure on health),Sierra Leone,2014,17.12
External resources for health (% of total expenditure on health),Niger,1995,14.44
External resources for health (% of total expenditure on health),Niger,1996,12.02
External resources for health (% of total expenditure on health),Niger,1997,15.13
External resources for health (% of total expenditure on health),Niger,1998,16.69
External resources for health (% of total expenditure on health),Niger,1999,19.92
External resources for health (% of total expenditure on health),Niger,2000,23
External resources for health (% of total expenditure on health),Niger,2001,13.81
External resources for health (% of total expenditure on health),Niger,2002,12.82
External resources for health (% of total expenditure on health),Niger,2003,13.19
External resources for health (% of total expenditure on health),Niger,2004,12.94
External resources for health (% of total expenditure on health),Niger,2005,29.08
External resources for health (% of total expenditure on health),Niger,2006,26.79
External resources for health (% of total expenditure on health),Niger,2007,24.39
External resources for health (% of total expenditure on health),Niger,2008,15.47
External resources for health (% of total expenditure on health),Niger,2009,15.03
External resources for health (% of total expenditure on health),Niger,2010,15.21
External resources for health (% of total expenditure on health),Niger,2011,9.98
External resources for health (% of total expenditure on health),Niger,2012,11.67
External resources for health (% of total expenditure on health),Niger,2013,14.91
External resources for health (% of total expenditure on health),Niger,2014,21.31
External resources for health (% of total expenditure on health),Guinea,1995,8.29
External resources for health (% of total expenditure on health),Guinea,1996,9.02
External resources for health (% of total expenditure on health),Guinea,1997,9.48
External resources for health (% of total expenditure on health),Guinea,1998,10.76
External resources for health (% of total expenditure on health),Guinea,1999,14.71
External resources for health (% of total expenditure on health),Guinea,2000,22.84
External resources for health (% of total expenditure on health),Guinea,2001,20.94
External resources for health (% of total expenditure on health),Guinea,2002,8.95
External resources for health (% of total expenditure on health),Guinea,2003,22.15
External resources for health (% of total expenditure on health),Guinea,2004,20.22
External resources for health (% of total expenditure on health),Guinea,2005,17.03
External resources for health (% of total expenditure on health),Guinea,2006,22.93
External resources for health (% of total expenditure on health),Guinea,2007,29.51
External resources for health (% of total expenditure on health),Guinea,2008,17.27
External resources for health (% of total expenditure on health),Guinea,2009,18.2
External resources for health (% of total expenditure on health),Guinea,2010,36.45
External resources for health (% of total expenditure on health),Guinea,2011,16.44
External resources for health (% of total expenditure on health),Guinea,2012,12.79
External resources for health (% of total expenditure on health),Guinea,2013,17.02
External resources for health (% of total expenditure on health),Guinea,2014,12.57
External resources for health (% of total expenditure on health),Benin,1995,19.59
External resources for health (% of total expenditure on health),Benin,1996,12
External resources for health (% of total expenditure on health),Benin,1997,18.33
External resources for health (% of total expenditure on health),Benin,1998,14.45
External resources for health (% of total expenditure on health),Benin,1999,13.08
External resources for health (% of total expenditure on health),Benin,2000,17.04
External resources for health (% of total expenditure on health),Benin,2001,17.02
External resources for health (% of total expenditure on health),Benin,2002,19.01
External resources for health (% of total expenditure on health),Benin,2003,16.55
External resources for health (% of total expenditure on health),Benin,2004,17.24
External resources for health (% of total expenditure on health),Benin,2005,21.1
External resources for health (% of total expenditure on health),Benin,2006,21.02
External resources for health (% of total expenditure on health),Benin,2007,18.55
External resources for health (% of total expenditure on health),Benin,2008,24.21
External resources for health (% of total expenditure on health),Benin,2009,24.33
External resources for health (% of total expenditure on health),Benin,2010,29.29
External resources for health (% of total expenditure on health),Benin,2011,29.74
External resources for health (% of total expenditure on health),Benin,2012,26.76
External resources for health (% of total expenditure on health),Benin,2013,23.19
External resources for health (% of total expenditure on health),Benin,2014,25.79
External resources for health (% of total expenditure on health),Cabo Verde,1995,3.52
External resources for health (% of total expenditure on health),Cabo Verde,1996,1.12
External resources for health (% of total expenditure on health),Cabo Verde,1997,6.37
External resources for health (% of total expenditure on health),Cabo Verde,1998,7.33
External resources for health (% of total expenditure on health),Cabo Verde,1999,8.05
External resources for health (% of total expenditure on health),Cabo Verde,2000,13.01
External resources for health (% of total expenditure on health),Cabo Verde,2001,14.62
External resources for health (% of total expenditure on health),Cabo Verde,2002,14.8
External resources for health (% of total expenditure on health),Cabo Verde,2003,9.23
External resources for health (% of total expenditure on health),Cabo Verde,2004,21.47
External resources for health (% of total expenditure on health),Cabo Verde,2005,17.67
External resources for health (% of total expenditure on health),Cabo Verde,2006,22.56
External resources for health (% of total expenditure on health),Cabo Verde,2007,20.37
External resources for health (% of total expenditure on health),Cabo Verde,2008,5.53
External resources for health (% of total expenditure on health),Cabo Verde,2009,2.86
External resources for health (% of total expenditure on health),Cabo Verde,2010,5.54
External resources for health (% of total expenditure on health),Cabo Verde,2011,4.42
External resources for health (% of total expenditure on health),Cabo Verde,2012,25.77
External resources for health (% of total expenditure on health),Cabo Verde,2013,22.29
External resources for health (% of total expenditure on health),Cabo Verde,2014,23.61
External resources for health (% of total expenditure on health),"Gambia, The",1995,2.59
External resources for health (% of total expenditure on health),"Gambia, The",1996,2.55
External resources for health (% of total expenditure on health),"Gambia, The",1997,3.19
External resources for health (% of total expenditure on health),"Gambia, The",1998,9.07
External resources for health (% of total expenditure on health),"Gambia, The",1999,18.48
External resources for health (% of total expenditure on health),"Gambia, The",2000,19.13
External resources for health (% of total expenditure on health),"Gambia, The",2001,17.98
External resources for health (% of total expenditure on health),"Gambia, The",2002,22.07
External resources for health (% of total expenditure on health),"Gambia, The",2003,22.6
External resources for health (% of total expenditure on health),"Gambia, The",2004,29.42
External resources for health (% of total expenditure on health),"Gambia, The",2005,47.78
External resources for health (% of total expenditure on health),"Gambia, The",2006,50.06
External resources for health (% of total expenditure on health),"Gambia, The",2007,31.29
External resources for health (% of total expenditure on health),"Gambia, The",2008,30.59
External resources for health (% of total expenditure on health),"Gambia, The",2009,22.39
External resources for health (% of total expenditure on health),"Gambia, The",2010,34.47
External resources for health (% of total expenditure on health),"Gambia, The",2011,47.08
External resources for health (% of total expenditure on health),"Gambia, The",2012,41.61
External resources for health (% of total expenditure on health),"Gambia, The",2013,46.95
External resources for health (% of total expenditure on health),"Gambia, The",2014,64.88
External resources for health (% of total expenditure on health),Guinea-Bissau,1995,2.93
External resources for health (% of total expenditure on health),Guinea-Bissau,1996,30.28
External resources for health (% of total expenditure on health),Guinea-Bissau,1997,26.13
External resources for health (% of total expenditure on health),Guinea-Bissau,1998,49.42
External resources for health (% of total expenditure on health),Guinea-Bissau,1999,16.33
External resources for health (% of total expenditure on health),Guinea-Bissau,2000,30
External resources for health (% of total expenditure on health),Guinea-Bissau,2001,11.98
External resources for health (% of total expenditure on health),Guinea-Bissau,2002,25.41
External resources for health (% of total expenditure on health),Guinea-Bissau,2003,25.23
External resources for health (% of total expenditure on health),Guinea-Bissau,2004,24.98
External resources for health (% of total expenditure on health),Guinea-Bissau,2005,26.41
External resources for health (% of total expenditure on health),Guinea-Bissau,2006,30.81
External resources for health (% of total expenditure on health),Guinea-Bissau,2007,33.2
External resources for health (% of total expenditure on health),Guinea-Bissau,2008,39.84
External resources for health (% of total expenditure on health),Guinea-Bissau,2009,21.61
External resources for health (% of total expenditure on health),Guinea-Bissau,2010,32.07
External resources for health (% of total expenditure on health),Guinea-Bissau,2011,55.31
External resources for health (% of total expenditure on health),Guinea-Bissau,2012,26.97
External resources for health (% of total expenditure on health),Guinea-Bissau,2013,27.99
External resources for health (% of total expenditure on health),Guinea-Bissau,2014,60.79
External resources for health (% of total expenditure on health),Liberia,1995,
External resources for health (% of total expenditure on health),Liberia,1996,
External resources for health (% of total expenditure on health),Liberia,1997,
External resources for health (% of total expenditure on health),Liberia,1998,9.47
External resources for health (% of total expenditure on health),Liberia,1999,17.24
External resources for health (% of total expenditure on health),Liberia,2000,9.16
External resources for health (% of total expenditure on health),Liberia,2001,12.63
External resources for health (% of total expenditure on health),Liberia,2002,12.59
External resources for health (% of total expenditure on health),Liberia,2003,26.46
External resources for health (% of total expenditure on health),Liberia,2004,21.06
External resources for health (% of total expenditure on health),Liberia,2005,31.31
External resources for health (% of total expenditure on health),Liberia,2006,23.34
External resources for health (% of total expenditure on health),Liberia,2007,59.49
External resources for health (% of total expenditure on health),Liberia,2008,47
External resources for health (% of total expenditure on health),Liberia,2009,62.57
External resources for health (% of total expenditure on health),Liberia,2010,48.07
External resources for health (% of total expenditure on health),Liberia,2011,43.43
External resources for health (% of total expenditure on health),Liberia,2012,43.64
External resources for health (% of total expenditure on health),Liberia,2013,60.94
External resources for health (% of total expenditure on health),Liberia,2014,49.07
External resources for health (% of total expenditure on health),Mali,1995,3.26
External resources for health (% of total expenditure on health),Mali,1996,2.92
External resources for health (% of total expenditure on health),Mali,1997,2.73
External resources for health (% of total expenditure on health),Mali,1998,5.12
External resources for health (% of total expenditure on health),Mali,1999,8.04
External resources for health (% of total expenditure on health),Mali,2000,7.82
External resources for health (% of total expenditure on health),Mali,2001,17.82
External resources for health (% of total expenditure on health),Mali,2002,14.81
External resources for health (% of total expenditure on health),Mali,2003,11.74
External resources for health (% of total expenditure on health),Mali,2004,13.79
External resources for health (% of total expenditure on health),Mali,2005,14.44
External resources for health (% of total expenditure on health),Mali,2006,19.51
External resources for health (% of total expenditure on health),Mali,2007,19.03
External resources for health (% of total expenditure on health),Mali,2008,19.94
External resources for health (% of total expenditure on health),Mali,2009,21.57
External resources for health (% of total expenditure on health),Mali,2010,24.13
External resources for health (% of total expenditure on health),Mali,2011,27.06
External resources for health (% of total expenditure on health),Mali,2012,28.99
External resources for health (% of total expenditure on health),Mali,2013,26.72
External resources for health (% of total expenditure on health),Mali,2014,27.75
External resources for health (% of total expenditure on health),Nigeria,1995,0.46
External resources for health (% of total expenditure on health),Nigeria,1996,0.22
External resources for health (% of total expenditure on health),Nigeria,1997,0.32
External resources for health (% of total expenditure on health),Nigeria,1998,13.08
External resources for health (% of total expenditure on health),Nigeria,1999,13.85
External resources for health (% of total expenditure on health),Nigeria,2000,16.22
External resources for health (% of total expenditure on health),Nigeria,2001,5.57
External resources for health (% of total expenditure on health),Nigeria,2002,6.14
External resources for health (% of total expenditure on health),Nigeria,2003,4.23
External resources for health (% of total expenditure on health),Nigeria,2004,4.47
External resources for health (% of total expenditure on health),Nigeria,2005,3.7
External resources for health (% of total expenditure on health),Nigeria,2006,2.73
External resources for health (% of total expenditure on health),Nigeria,2007,2.98
External resources for health (% of total expenditure on health),Nigeria,2008,3.85
External resources for health (% of total expenditure on health),Nigeria,2009,4.52
External resources for health (% of total expenditure on health),Nigeria,2010,7.57
External resources for health (% of total expenditure on health),Nigeria,2011,4.66
External resources for health (% of total expenditure on health),Nigeria,2012,5.5
External resources for health (% of total expenditure on health),Nigeria,2013,5.37
External resources for health (% of total expenditure on health),Nigeria,2014,6.72
External resources for health (% of total expenditure on health),Senegal,1995,9.35
External resources for health (% of total expenditure on health),Senegal,1996,12.7
External resources for health (% of total expenditure on health),Senegal,1997,10.6
External resources for health (% of total expenditure on health),Senegal,1998,11.96
External resources for health (% of total expenditure on health),Senegal,1999,16.68
External resources for health (% of total expenditure on health),Senegal,2000,16.24
External resources for health (% of total expenditure on health),Senegal,2001,14.53
External resources for health (% of total expenditure on health),Senegal,2002,15.4
External resources for health (% of total expenditure on health),Senegal,2003,12.98
External resources for health (% of total expenditure on health),Senegal,2004,17.24
External resources for health (% of total expenditure on health),Senegal,2005,21.72
External resources for health (% of total expenditure on health),Senegal,2006,21.31
External resources for health (% of total expenditure on health),Senegal,2007,11.12
External resources for health (% of total expenditure on health),Senegal,2008,17.22
External resources for health (% of total expenditure on health),Senegal,2009,16.24
External resources for health (% of total expenditure on health),Senegal,2010,22.25
External resources for health (% of total expenditure on health),Senegal,2011,18.87
External resources for health (% of total expenditure on health),Senegal,2012,22.51
External resources for health (% of total expenditure on health),Senegal,2013,26.79
External resources for health (% of total expenditure on health),Senegal,2014,20.63
External resources for health (% of total expenditure on health),Togo,1995,0.64
External resources for health (% of total expenditure on health),Togo,1996,2
External resources for health (% of total expenditure on health),Togo,1997,7.17
External resources for health (% of total expenditure on health),Togo,1998,6.88
External resources for health (% of total expenditure on health),Togo,1999,8.43
External resources for health (% of total expenditure on health),Togo,2000,7.22
External resources for health (% of total expenditure on health),Togo,2001,10.75
External resources for health (% of total expenditure on health),Togo,2002,11.19
External resources for health (% of total expenditure on health),Togo,2003,5.26
External resources for health (% of total expenditure on health),Togo,2004,22.86
External resources for health (% of total expenditure on health),Togo,2005,23.93
External resources for health (% of total expenditure on health),Togo,2006,13.3
External resources for health (% of total expenditure on health),Togo,2007,11.32
External resources for health (% of total expenditure on health),Togo,2008,14.43
External resources for health (% of total expenditure on health),Togo,2009,16.98
External resources for health (% of total expenditure on health),Togo,2010,13.4
External resources for health (% of total expenditure on health),Togo,2011,24.92
External resources for health (% of total expenditure on health),Togo,2012,24.83
External resources for health (% of total expenditure on health),Togo,2013,9.61
External resources for health (% of total expenditure on health),Togo,2014,23.43
"Health expenditure, public (% of government expenditure)",Mauritania,1995,9.2
"Health expenditure, public (% of government expenditure)",Mauritania,1996,5.41
"Health expenditure, public (% of government expenditure)",Mauritania,1997,6.5
"Health expenditure, public (% of government expenditure)",Mauritania,1998,9.81
"Health expenditure, public (% of government expenditure)",Mauritania,1999,13.58
"Health expenditure, public (% of government expenditure)",Mauritania,2000,10.8
"Health expenditure, public (% of government expenditure)",Mauritania,2001,6.2
"Health expenditure, public (% of government expenditure)",Mauritania,2002,8.76
"Health expenditure, public (% of government expenditure)",Mauritania,2003,5.61
"Health expenditure, public (% of government expenditure)",Mauritania,2004,8
"Health expenditure, public (% of government expenditure)",Mauritania,2005,7.09
"Health expenditure, public (% of government expenditure)",Mauritania,2006,5.91
"Health expenditure, public (% of government expenditure)",Mauritania,2007,6.49
"Health expenditure, public (% of government expenditure)",Mauritania,2008,5.29
"Health expenditure, public (% of government expenditure)",Mauritania,2009,7.59
"Health expenditure, public (% of government expenditure)",Mauritania,2010,6.77
"Health expenditure, public (% of government expenditure)",Mauritania,2011,5.69
"Health expenditure, public (% of government expenditure)",Mauritania,2012,4.58
"Health expenditure, public (% of government expenditure)",Mauritania,2013,6.01
"Health expenditure, public (% of government expenditure)",Mauritania,2014,6.01
"Health expenditure, public (% of government expenditure)",Ghana,1995,10.84
"Health expenditure, public (% of government expenditure)",Ghana,1996,10.79
"Health expenditure, public (% of government expenditure)",Ghana,1997,10.97
"Health expenditure, public (% of government expenditure)",Ghana,1998,11.02
"Health expenditure, public (% of government expenditure)",Ghana,1999,9.9
"Health expenditure, public (% of government expenditure)",Ghana,2000,7.85
"Health expenditure, public (% of government expenditure)",Ghana,2001,9.34
"Health expenditure, public (% of government expenditure)",Ghana,2002,8.45
"Health expenditure, public (% of government expenditure)",Ghana,2003,8.33
"Health expenditure, public (% of government expenditure)",Ghana,2004,12.58
"Health expenditure, public (% of government expenditure)",Ghana,2005,15.08
"Health expenditure, public (% of government expenditure)",Ghana,2006,13.98
"Health expenditure, public (% of government expenditure)",Ghana,2007,16.16
"Health expenditure, public (% of government expenditure)",Ghana,2008,13.15
"Health expenditure, public (% of government expenditure)",Ghana,2009,16.45
"Health expenditure, public (% of government expenditure)",Ghana,2010,14.93
"Health expenditure, public (% of government expenditure)",Ghana,2011,14.03
"Health expenditure, public (% of government expenditure)",Ghana,2012,9.32
"Health expenditure, public (% of government expenditure)",Ghana,2013,10.58
"Health expenditure, public (% of government expenditure)",Ghana,2014,6.82
"Health expenditure, public (% of government expenditure)",Cote d'Ivoire,1995,6.83
"Health expenditure, public (% of government expenditure)",Cote d'Ivoire,1996,8.31
"Health expenditure, public (% of government expenditure)",Cote d'Ivoire,1997,9.17
"Health expenditure, public (% of government expenditure)",Cote d'Ivoire,1998,9.02
"Health expenditure, public (% of government expenditure)",Cote d'Ivoire,1999,9.01
"Health expenditure, public (% of government expenditure)",Cote d'Ivoire,2000,10.03
"Health expenditure, public (% of government expenditure)",Cote d'Ivoire,2001,8.04
"Health expenditure, public (% of government expenditure)",Cote d'Ivoire,2002,7.62
"Health expenditure, public (% of government expenditure)",Cote d'Ivoire,2003,7.39
"Health expenditure, public (% of government expenditure)",Cote d'Ivoire,2004,7.73
"Health expenditure, public (% of government expenditure)",Cote d'Ivoire,2005,6.99
"Health expenditure, public (% of government expenditure)",Cote d'Ivoire,2006,7.66
"Health expenditure, public (% of government expenditure)",Cote d'Ivoire,2007,7.54
"Health expenditure, public (% of government expenditure)",Cote d'Ivoire,2008,7.48
"Health expenditure, public (% of government expenditure)",Cote d'Ivoire,2009,8.49
"Health expenditure, public (% of government expenditure)",Cote d'Ivoire,2010,8.22
"Health expenditure, public (% of government expenditure)",Cote d'Ivoire,2011,8.87
"Health expenditure, public (% of government expenditure)",Cote d'Ivoire,2012,8.52
"Health expenditure, public (% of government expenditure)",Cote d'Ivoire,2013,8.2
"Health expenditure, public (% of government expenditure)",Cote d'Ivoire,2014,7.35
"Health expenditure, public (% of government expenditure)",Cameroon,1995,6.1
"Health expenditure, public (% of government expenditure)",Cameroon,1996,5.93
"Health expenditure, public (% of government expenditure)",Cameroon,1997,6.57
"Health expenditure, public (% of government expenditure)",Cameroon,1998,4.86
"Health expenditure, public (% of government expenditure)",Cameroon,1999,5.03
"Health expenditure, public (% of government expenditure)",Cameroon,2000,6.09
"Health expenditure, public (% of government expenditure)",Cameroon,2001,6.79
"Health expenditure, public (% of government expenditure)",Cameroon,2002,7.94
"Health expenditure, public (% of government expenditure)",Cameroon,2003,8.2
"Health expenditure, public (% of government expenditure)",Cameroon,2004,7.07
"Health expenditure, public (% of government expenditure)",Cameroon,2005,7.67
"Health expenditure, public (% of government expenditure)",Cameroon,2006,7.41
"Health expenditure, public (% of government expenditure)",Cameroon,2007,6.77
"Health expenditure, public (% of government expenditure)",Cameroon,2008,5.57
"Health expenditure, public (% of government expenditure)",Cameroon,2009,7.34
"Health expenditure, public (% of government expenditure)",Cameroon,2010,8.53
"Health expenditure, public (% of government expenditure)",Cameroon,2011,6.42
"Health expenditure, public (% of government expenditure)",Cameroon,2012,5.46
"Health expenditure, public (% of government expenditure)",Cameroon,2013,4.62
"Health expenditure, public (% of government expenditure)",Cameroon,2014,4.26
"Health expenditure, public (% of government expenditure)",Burkina Faso,1995,9.05
"Health expenditure, public (% of government expenditure)",Burkina Faso,1996,11.13
"Health expenditure, public (% of government expenditure)",Burkina Faso,1997,9.14
"Health expenditure, public (% of government expenditure)",Burkina Faso,1998,9.81
"Health expenditure, public (% of government expenditure)",Burkina Faso,1999,9.31
"Health expenditure, public (% of government expenditure)",Burkina Faso,2000,8.76
"Health expenditure, public (% of government expenditure)",Burkina Faso,2001,9.81
"Health expenditure, public (% of government expenditure)",Burkina Faso,2002,11.94
"Health expenditure, public (% of government expenditure)",Burkina Faso,2003,12.52
"Health expenditure, public (% of government expenditure)",Burkina Faso,2004,15.34
"Health expenditure, public (% of government expenditure)",Burkina Faso,2005,18.66
"Health expenditure, public (% of government expenditure)",Burkina Faso,2006,15.2
"Health expenditure, public (% of government expenditure)",Burkina Faso,2007,15.56
"Health expenditure, public (% of government expenditure)",Burkina Faso,2008,18.92
"Health expenditure, public (% of government expenditure)",Burkina Faso,2009,14.68
"Health expenditure, public (% of government expenditure)",Burkina Faso,2010,15.72
"Health expenditure, public (% of government expenditure)",Burkina Faso,2011,12.83
"Health expenditure, public (% of government expenditure)",Burkina Faso,2012,11.69
"Health expenditure, public (% of government expenditure)",Burkina Faso,2013,12.72
"Health expenditure, public (% of government expenditure)",Burkina Faso,2014,11.16
"Health expenditure, public (% of government expenditure)",Sierra Leone,1995,14.64
"Health expenditure, public (% of government expenditure)",Sierra Leone,1996,14.64
"Health expenditure, public (% of government expenditure)",Sierra Leone,1997,14.64
"Health expenditure, public (% of government expenditure)",Sierra Leone,1998,14.64
"Health expenditure, public (% of government expenditure)",Sierra Leone,1999,14.64
"Health expenditure, public (% of government expenditure)",Sierra Leone,2000,14.64
"Health expenditure, public (% of government expenditure)",Sierra Leone,2001,14.64
"Health expenditure, public (% of government expenditure)",Sierra Leone,2002,14.64
"Health expenditure, public (% of government expenditure)",Sierra Leone,2003,14.64
"Health expenditure, public (% of government expenditure)",Sierra Leone,2004,14.64
"Health expenditure, public (% of government expenditure)",Sierra Leone,2005,14.63
"Health expenditure, public (% of government expenditure)",Sierra Leone,2006,11.79
"Health expenditure, public (% of government expenditure)",Sierra Leone,2007,12.7
"Health expenditure, public (% of government expenditure)",Sierra Leone,2008,11.06
"Health expenditure, public (% of government expenditure)",Sierra Leone,2009,12.63
"Health expenditure, public (% of government expenditure)",Sierra Leone,2010,11.85
"Health expenditure, public (% of government expenditure)",Sierra Leone,2011,12.27
"Health expenditure, public (% of government expenditure)",Sierra Leone,2012,9.71
"Health expenditure, public (% of government expenditure)",Sierra Leone,2013,10.84
"Health expenditure, public (% of government expenditure)",Sierra Leone,2014,10.84
"Health expenditure, public (% of government expenditure)",Niger,1995,8.99
"Health expenditure, public (% of government expenditure)",Niger,1996,9.27
"Health expenditure, public (% of government expenditure)",Niger,1997,9.9
"Health expenditure, public (% of government expenditure)",Niger,1998,9.33
"Health expenditure, public (% of government expenditure)",Niger,1999,8.59
"Health expenditure, public (% of government expenditure)",Niger,2000,8.43
"Health expenditure, public (% of government expenditure)",Niger,2001,10.1
"Health expenditure, public (% of government expenditure)",Niger,2002,9.89
"Health expenditure, public (% of government expenditure)",Niger,2003,9.39
"Health expenditure, public (% of government expenditure)",Niger,2004,8.97
"Health expenditure, public (% of government expenditure)",Niger,2005,14.78
"Health expenditure, public (% of government expenditure)",Niger,2006,16.08
"Health expenditure, public (% of government expenditure)",Niger,2007,12.24
"Health expenditure, public (% of government expenditure)",Niger,2008,11.38
"Health expenditure, public (% of government expenditure)",Niger,2009,10.66
"Health expenditure, public (% of government expenditure)",Niger,2010,10.69
"Health expenditure, public (% of government expenditure)",Niger,2011,8.58
"Health expenditure, public (% of government expenditure)",Niger,2012,7.6
"Health expenditure, public (% of government expenditure)",Niger,2013,7.57
"Health expenditure, public (% of government expenditure)",Niger,2014,7.57
"Health expenditure, public (% of government expenditure)",Guinea,1995,7.04
"Health expenditure, public (% of government expenditure)",Guinea,1996,4.67
"Health expenditure, public (% of government expenditure)",Guinea,1997,4.3
"Health expenditure, public (% of government expenditure)",Guinea,1998,6.42
"Health expenditure, public (% of government expenditure)",Guinea,1999,6.42
"Health expenditure, public (% of government expenditure)",Guinea,2000,6.42
"Health expenditure, public (% of government expenditure)",Guinea,2001,6.3
"Health expenditure, public (% of government expenditure)",Guinea,2002,6.61
"Health expenditure, public (% of government expenditure)",Guinea,2003,6.44
"Health expenditure, public (% of government expenditure)",Guinea,2004,4.9
"Health expenditure, public (% of government expenditure)",Guinea,2005,3.29
"Health expenditure, public (% of government expenditure)",Guinea,2006,3.5
"Health expenditure, public (% of government expenditure)",Guinea,2007,2.83
"Health expenditure, public (% of government expenditure)",Guinea,2008,4.5
"Health expenditure, public (% of government expenditure)",Guinea,2009,5.69
"Health expenditure, public (% of government expenditure)",Guinea,2010,6.78
"Health expenditure, public (% of government expenditure)",Guinea,2011,9.2
"Health expenditure, public (% of government expenditure)",Guinea,2012,8.03
"Health expenditure, public (% of government expenditure)",Guinea,2013,9.49
"Health expenditure, public (% of government expenditure)",Guinea,2014,9
"Health expenditure, public (% of government expenditure)",Benin,1995,10.44
"Health expenditure, public (% of government expenditure)",Benin,1996,11.17
"Health expenditure, public (% of government expenditure)",Benin,1997,10.25
"Health expenditure, public (% of government expenditure)",Benin,1998,12.48
"Health expenditure, public (% of government expenditure)",Benin,1999,12.53
"Health expenditure, public (% of government expenditure)",Benin,2000,9.99
"Health expenditure, public (% of government expenditure)",Benin,2001,11.97
"Health expenditure, public (% of government expenditure)",Benin,2002,9.67
"Health expenditure, public (% of government expenditure)",Benin,2003,10.72
"Health expenditure, public (% of government expenditure)",Benin,2004,10.84
"Health expenditure, public (% of government expenditure)",Benin,2005,11.05
"Health expenditure, public (% of government expenditure)",Benin,2006,12.13
"Health expenditure, public (% of government expenditure)",Benin,2007,9.79
"Health expenditure, public (% of government expenditure)",Benin,2008,9.27
"Health expenditure, public (% of government expenditure)",Benin,2009,8.95
"Health expenditure, public (% of government expenditure)",Benin,2010,12.44
"Health expenditure, public (% of government expenditure)",Benin,2011,13.35
"Health expenditure, public (% of government expenditure)",Benin,2012,10.17
"Health expenditure, public (% of government expenditure)",Benin,2013,9.55
"Health expenditure, public (% of government expenditure)",Benin,2014,9.55
"Health expenditure, public (% of government expenditure)",Cabo Verde,1995,8.22
"Health expenditure, public (% of government expenditure)",Cabo Verde,1996,8.28
"Health expenditure, public (% of government expenditure)",Cabo Verde,1997,9.11
"Health expenditure, public (% of government expenditure)",Cabo Verde,1998,10.57
"Health expenditure, public (% of government expenditure)",Cabo Verde,1999,9.33
"Health expenditure, public (% of government expenditure)",Cabo Verde,2000,9.89
"Health expenditure, public (% of government expenditure)",Cabo Verde,2001,11.88
"Health expenditure, public (% of government expenditure)",Cabo Verde,2002,11.3
"Health expenditure, public (% of government expenditure)",Cabo Verde,2003,11.82
"Health expenditure, public (% of government expenditure)",Cabo Verde,2004,12.15
"Health expenditure, public (% of government expenditure)",Cabo Verde,2005,10.35
"Health expenditure, public (% of government expenditure)",Cabo Verde,2006,11.29
"Health expenditure, public (% of government expenditure)",Cabo Verde,2007,11.1
"Health expenditure, public (% of government expenditure)",Cabo Verde,2008,9.91
"Health expenditure, public (% of government expenditure)",Cabo Verde,2009,9.87
"Health expenditure, public (% of government expenditure)",Cabo Verde,2010,8.66
"Health expenditure, public (% of government expenditure)",Cabo Verde,2011,10.02
"Health expenditure, public (% of government expenditure)",Cabo Verde,2012,9.63
"Health expenditure, public (% of government expenditure)",Cabo Verde,2013,9.15
"Health expenditure, public (% of government expenditure)",Cabo Verde,2014,11.73
"Health expenditure, public (% of government expenditure)","Gambia, The",1995,6.89
"Health expenditure, public (% of government expenditure)","Gambia, The",1996,6.05
"Health expenditure, public (% of government expenditure)","Gambia, The",1997,6.72
"Health expenditure, public (% of government expenditure)","Gambia, The",1998,10.39
"Health expenditure, public (% of government expenditure)","Gambia, The",1999,10.4
"Health expenditure, public (% of government expenditure)","Gambia, The",2000,10.37
"Health expenditure, public (% of government expenditure)","Gambia, The",2001,8.23
"Health expenditure, public (% of government expenditure)","Gambia, The",2002,8.66
"Health expenditure, public (% of government expenditure)","Gambia, The",2003,12.87
"Health expenditure, public (% of government expenditure)","Gambia, The",2004,11.66
"Health expenditure, public (% of government expenditure)","Gambia, The",2005,13.05
"Health expenditure, public (% of government expenditure)","Gambia, The",2006,14.17
"Health expenditure, public (% of government expenditure)","Gambia, The",2007,18.6
"Health expenditure, public (% of government expenditure)","Gambia, The",2008,18.56
"Health expenditure, public (% of government expenditure)","Gambia, The",2009,14.7
"Health expenditure, public (% of government expenditure)","Gambia, The",2010,14.55
"Health expenditure, public (% of government expenditure)","Gambia, The",2011,14.48
"Health expenditure, public (% of government expenditure)","Gambia, The",2012,12.39
"Health expenditure, public (% of government expenditure)","Gambia, The",2013,15.31
"Health expenditure, public (% of government expenditure)","Gambia, The",2014,15.31
"Health expenditure, public (% of government expenditure)",Guinea-Bissau,1995,9.18
"Health expenditure, public (% of government expenditure)",Guinea-Bissau,1996,6.15
"Health expenditure, public (% of government expenditure)",Guinea-Bissau,1997,5.06
"Health expenditure, public (% of government expenditure)",Guinea-Bissau,1998,8.9
"Health expenditure, public (% of government expenditure)",Guinea-Bissau,1999,4.65
"Health expenditure, public (% of government expenditure)",Guinea-Bissau,2000,2.25
"Health expenditure, public (% of government expenditure)",Guinea-Bissau,2001,2.2
"Health expenditure, public (% of government expenditure)",Guinea-Bissau,2002,7.67
"Health expenditure, public (% of government expenditure)",Guinea-Bissau,2003,6.91
"Health expenditure, public (% of government expenditure)",Guinea-Bissau,2004,3.44
"Health expenditure, public (% of government expenditure)",Guinea-Bissau,2005,5.02
"Health expenditure, public (% of government expenditure)",Guinea-Bissau,2006,5.14
"Health expenditure, public (% of government expenditure)",Guinea-Bissau,2007,6.45
"Health expenditure, public (% of government expenditure)",Guinea-Bissau,2008,4.85
"Health expenditure, public (% of government expenditure)",Guinea-Bissau,2009,8.66
"Health expenditure, public (% of government expenditure)",Guinea-Bissau,2010,9.08
"Health expenditure, public (% of government expenditure)",Guinea-Bissau,2011,5.84
"Health expenditure, public (% of government expenditure)",Guinea-Bissau,2012,10.4
"Health expenditure, public (% of government expenditure)",Guinea-Bissau,2013,13.32
"Health expenditure, public (% of government expenditure)",Guinea-Bissau,2014,7.79
"Health expenditure, public (% of government expenditure)",Liberia,1995,
"Health expenditure, public (% of government expenditure)",Liberia,1996,
"Health expenditure, public (% of government expenditure)",Liberia,1997,
"Health expenditure, public (% of government expenditure)",Liberia,1998,6.9
"Health expenditure, public (% of government expenditure)",Liberia,1999,6.7
"Health expenditure, public (% of government expenditure)",Liberia,2000,6.65
"Health expenditure, public (% of government expenditure)",Liberia,2001,9.6
"Health expenditure, public (% of government expenditure)",Liberia,2002,5.88
"Health expenditure, public (% of government expenditure)",Liberia,2003,7.31
"Health expenditure, public (% of government expenditure)",Liberia,2004,11.95
"Health expenditure, public (% of government expenditure)",Liberia,2005,13.28
"Health expenditure, public (% of government expenditure)",Liberia,2006,8.83
"Health expenditure, public (% of government expenditure)",Liberia,2007,17.25
"Health expenditure, public (% of government expenditure)",Liberia,2008,17.21
"Health expenditure, public (% of government expenditure)",Liberia,2009,16.61
"Health expenditure, public (% of government expenditure)",Liberia,2010,12.8
"Health expenditure, public (% of government expenditure)",Liberia,2011,15.92
"Health expenditure, public (% of government expenditure)",Liberia,2012,11.58
"Health expenditure, public (% of government expenditure)",Liberia,2013,9.92
"Health expenditure, public (% of government expenditure)",Liberia,2014,11.86
"Health expenditure, public (% of government expenditure)",Mali,1995,12.06
"Health expenditure, public (% of government expenditure)",Mali,1996,13.57
"Health expenditure, public (% of government expenditure)",Mali,1997,11.38
"Health expenditure, public (% of government expenditure)",Mali,1998,9.6
"Health expenditure, public (% of government expenditure)",Mali,1999,7.89
"Health expenditure, public (% of government expenditure)",Mali,2000,8.89
"Health expenditure, public (% of government expenditure)",Mali,2001,11.93
"Health expenditure, public (% of government expenditure)",Mali,2002,10.1
"Health expenditure, public (% of government expenditure)",Mali,2003,10.7
"Health expenditure, public (% of government expenditure)",Mali,2004,13
"Health expenditure, public (% of government expenditure)",Mali,2005,12.34
"Health expenditure, public (% of government expenditure)",Mali,2006,12.98
"Health expenditure, public (% of government expenditure)",Mali,2007,13.74
"Health expenditure, public (% of government expenditure)",Mali,2008,14.81
"Health expenditure, public (% of government expenditure)",Mali,2009,12.14
"Health expenditure, public (% of government expenditure)",Mali,2010,12.23
"Health expenditure, public (% of government expenditure)",Mali,2011,12.18
"Health expenditure, public (% of government expenditure)",Mali,2012,12.42
"Health expenditure, public (% of government expenditure)",Mali,2013,4.74
"Health expenditure, public (% of government expenditure)",Mali,2014,5.64
"Health expenditure, public (% of government expenditure)",Nigeria,1995,6.09
"Health expenditure, public (% of government expenditure)",Nigeria,1996,6.09
"Health expenditure, public (% of government expenditure)",Nigeria,1997,6.09
"Health expenditure, public (% of government expenditure)",Nigeria,1998,6.09
"Health expenditure, public (% of government expenditure)",Nigeria,1999,4.46
"Health expenditure, public (% of government expenditure)",Nigeria,2000,5.93
"Health expenditure, public (% of government expenditure)",Nigeria,2001,4.5
"Health expenditure, public (% of government expenditure)",Nigeria,2002,3.73
"Health expenditure, public (% of government expenditure)",Nigeria,2003,5.89
"Health expenditure, public (% of government expenditure)",Nigeria,2004,8.82
"Health expenditure, public (% of government expenditure)",Nigeria,2005,7.3
"Health expenditure, public (% of government expenditure)",Nigeria,2006,8.65
"Health expenditure, public (% of government expenditure)",Nigeria,2007,9.19
"Health expenditure, public (% of government expenditure)",Nigeria,2008,7.63
"Health expenditure, public (% of government expenditure)",Nigeria,2009,7.37
"Health expenditure, public (% of government expenditure)",Nigeria,2010,5.72
"Health expenditure, public (% of government expenditure)",Nigeria,2011,7.42
"Health expenditure, public (% of government expenditure)",Nigeria,2012,7.43
"Health expenditure, public (% of government expenditure)",Nigeria,2013,6.48
"Health expenditure, public (% of government expenditure)",Nigeria,2014,8.17
"Health expenditure, public (% of government expenditure)",Senegal,1995,7.1
"Health expenditure, public (% of government expenditure)",Senegal,1996,7.72
"Health expenditure, public (% of government expenditure)",Senegal,1997,7.23
"Health expenditure, public (% of government expenditure)",Senegal,1998,7.07
"Health expenditure, public (% of government expenditure)",Senegal,1999,9.04
"Health expenditure, public (% of government expenditure)",Senegal,2000,10.14
"Health expenditure, public (% of government expenditure)",Senegal,2001,10.26
"Health expenditure, public (% of government expenditure)",Senegal,2002,9.69
"Health expenditure, public (% of government expenditure)",Senegal,2003,9.68
"Health expenditure, public (% of government expenditure)",Senegal,2004,9
"Health expenditure, public (% of government expenditure)",Senegal,2005,12.41
"Health expenditure, public (% of government expenditure)",Senegal,2006,11.61
"Health expenditure, public (% of government expenditure)",Senegal,2007,8.71
"Health expenditure, public (% of government expenditure)",Senegal,2008,9.6
"Health expenditure, public (% of government expenditure)",Senegal,2009,9.37
"Health expenditure, public (% of government expenditure)",Senegal,2010,8.77
"Health expenditure, public (% of government expenditure)",Senegal,2011,7.84
"Health expenditure, public (% of government expenditure)",Senegal,2012,7.48
"Health expenditure, public (% of government expenditure)",Senegal,2013,7.95
"Health expenditure, public (% of government expenditure)",Senegal,2014,8.04
"Health expenditure, public (% of government expenditure)",Togo,1995,7.69
"Health expenditure, public (% of government expenditure)",Togo,1996,7.69
"Health expenditure, public (% of government expenditure)",Togo,1997,7.69
"Health expenditure, public (% of government expenditure)",Togo,1998,7.69
"Health expenditure, public (% of government expenditure)",Togo,1999,7.69
"Health expenditure, public (% of government expenditure)",Togo,2000,7.69
"Health expenditure, public (% of government expenditure)",Togo,2001,7.69
"Health expenditure, public (% of government expenditure)",Togo,2002,6.92
"Health expenditure, public (% of government expenditure)",Togo,2003,9.53
"Health expenditure, public (% of government expenditure)",Togo,2004,10.14
"Health expenditure, public (% of government expenditure)",Togo,2005,9.84
"Health expenditure, public (% of government expenditure)",Togo,2006,10.65
"Health expenditure, public (% of government expenditure)",Togo,2007,10.58
"Health expenditure, public (% of government expenditure)",Togo,2008,13.51
"Health expenditure, public (% of government expenditure)",Togo,2009,15.43
"Health expenditure, public (% of government expenditure)",Togo,2010,8.6
"Health expenditure, public (% of government expenditure)",Togo,2011,6.95
"Health expenditure, public (% of government expenditure)",Togo,2012,7.38
"Health expenditure, public (% of government expenditure)",Togo,2013,8.41
"Health expenditure, public (% of government expenditure)",Togo,2014,7.85